Nodos,Costo Fuerza Bruta,Tiempo Fuerza Bruta (s),Costo Voraz,Tiempo Voraz (s)
4,116.44,0.000024,118.33,0.000009
5,175.12,0.000046,191.08,0.000010
6,176.23,0.000242,191.85,0.000012
7,176.23,0.002377,209.66,0.000030
8,212.22,0.019883,253.03,0.000021
9,238.82,0.172083,279.63,0.000033
10,239.62,1.745890,278.15,0.000079
20,No viable (N! ),N/A (Excesivo),595.58,0.000379
50,No viable (N! ),N/A (Excesivo),835.28,0.000459
100,No viable (N! ),N/A (Excesivo),1014.29,0.005401
