Nodos,Costo Fuerza Bruta,Tiempo Fuerza Bruta (s),Costo Voraz,Tiempo Voraz (s)
4,116.44,0.000019,118.33,0.000011
5,175.12,0.000040,191.08,0.000009
6,176.23,0.000172,191.85,0.000009
7,176.23,0.001083,209.66,0.000010
8,212.22,0.008418,253.03,0.000015
9,238.82,0.081304,279.63,0.000019
10,239.62,0.821795,278.15,0.000046
20,No viable (N! ),N/A (Excesivo),595.58,0.000034
50,No viable (N! ),N/A (Excesivo),835.28,0.000161
100,No viable (N! ),N/A (Excesivo),1014.29,0.000555
